cellline,concentration,viability
A2058,-3.853871964321762,0.98
A2058,-3.3979400086720375,0.09
A2058,-2.9208187539523753,0.933
A2058,-2.431798275933005,0.704
A2058,-1.958607314841775,0.202
A2058,-1.4685210829577449,0.176
A2058,-1.0,0.055
A2058,-0.5228787452803376,0.018
A2058,-3.853871964321762,1.103
A2058,-3.3979400086720375,0.219
A2058,-2.9208187539523753,1.017
A2058,-2.431798275933005,0.138
A2058,-1.958607314841775,0.241
A2058,-1.4685210829577449,0.168
A2058,-1.0,0.057
A2058,-0.5228787452803376,0.014
A2058,-3.853871964321762,0.927
A2058,-3.3979400086720375,1.001
A2058,-2.9208187539523753,0.971
A2058,-2.431798275933005,0.622
A2058,-1.958607314841775,0.164
A2058,-1.4685210829577449,0.173
A2058,-1.0,0.06
A2058,-0.5228787452803376,0.013
A2058,-3.853871964321762,1.012
A2058,-3.3979400086720375,1.107
A2058,-2.9208187539523753,0.214
A2058,-2.431798275933005,0.956
A2058,-1.958607314841775,0.204
A2058,-1.4685210829577449,0.157
A2058,-1.0,0.054
A2058,-0.5228787452803376,0.008
A2058,-3.853871964321762,0.986
A2058,-3.3979400086720375,1.043
A2058,-2.9208187539523753,0.931
A2058,-2.431798275933005,0.751
A2058,-1.958607314841775,0.107
A2058,-1.4685210829577449,0.138
A2058,-1.0,0.024
A2058,-0.5228787452803376,0.011
A2058,-3.853871964321762,1.113
A2058,-3.3979400086720375,1.156
A2058,-2.9208187539523753,1.033
A2058,-2.431798275933005,0.989
A2058,-1.958607314841775,0.12
A2058,-1.4685210829577449,0.219
A2058,-1.0,0.02
A2058,-0.5228787452803376,0.021
A2780,-3.853871964321762,1.038
A2780,-3.3979400086720375,0.909
A2780,-2.9208187539523753,0.934
A2780,-2.431798275933005,0.011
A2780,-1.958607314841775,0.387
A2780,-1.4685210829577449,0.154
A2780,-1.0,0.11
A2780,-0.5228787452803376,0.032
A2780,-3.853871964321762,1.002
A2780,-3.3979400086720375,1.083
A2780,-2.9208187539523753,1.036
A2780,-2.431798275933005,1.089
A2780,-1.958607314841775,0.894
A2780,-1.4685210829577449,0.302
A2780,-1.0,0.195
A2780,-0.5228787452803376,0.031
A2780,-3.853871964321762,0.953
A2780,-3.3979400086720375,0.911
A2780,-2.9208187539523753,1.022
A2780,-2.431798275933005,0.769
A2780,-1.958607314841775,0.27
A2780,-1.4685210829577449,0.174
A2780,-1.0,0.093
A2780,-0.5228787452803376,0.019
A2780,-3.853871964321762,1.112
A2780,-3.3979400086720375,1.19
A2780,-2.9208187539523753,1.092
A2780,-2.431798275933005,1.063
A2780,-1.958607314841775,0.578
A2780,-1.4685210829577449,0.258
A2780,-1.0,0.123
A2780,-0.5228787452803376,0.013
A2780,-3.853871964321762,0.978
A2780,-3.3979400086720375,0.882
A2780,-2.9208187539523753,0.979
A2780,-2.431798275933005,0.81
A2780,-1.958607314841775,0.313
A2780,-1.4685210829577449,0.166
A2780,-1.0,0.1
A2780,-0.5228787452803376,0.024
A2780,-3.853871964321762,0.974
A2780,-3.3979400086720375,1.187
A2780,-2.9208187539523753,1.085
A2780,-2.431798275933005,1.076
A2780,-1.958607314841775,0.356
A2780,-1.4685210829577449,0.178
A2780,-1.0,0.005
A2780,-0.5228787452803376,1.103
A2780,-3.853871964321762,1.024
A2780,-3.3979400086720375,1.101
A2780,-2.9208187539523753,0.957
A2780,-2.431798275933005,0.584
A2780,-1.958607314841775,0.286
A2780,-1.4685210829577449,0.143
A2780,-1.0,0.075
A2780,-0.5228787452803376,0.016
A2780,-3.853871964321762,1.064
A2780,-3.3979400086720375,0.065
A2780,-2.9208187539523753,1.018
A2780,-2.431798275933005,0.907
A2780,-1.958607314841775,0.264
A2780,-1.4685210829577449,0.173
A2780,-1.0,0.078
A2780,-0.5228787452803376,0.039
A2780,-3.853871964321762,0.98
A2780,-3.3979400086720375,1.047
A2780,-2.9208187539523753,0.948
A2780,-2.431798275933005,0.808
A2780,-1.958607314841775,0.26
A2780,-1.4685210829577449,0.146
A2780,-1.0,0.065
A2780,-0.5228787452803376,0.036
A375,-3.853871964321762,0.922
A375,-3.3979400086720375,0.876
A375,-2.9208187539523753,0.93
A375,-2.431798275933005,0.893
A375,-1.958607314841775,0.801
A375,-1.4685210829577449,0.457
A375,-1.0,0.344
A375,-0.5228787452803376,0.047
A375,-3.853871964321762,0.873
A375,-3.3979400086720375,0.842
A375,-2.9208187539523753,0.915
A375,-2.431798275933005,0.824
A375,-1.958607314841775,0.857
A375,-1.4685210829577449,0.47
A375,-1.0,0.345
A375,-0.5228787452803376,0.037
A375,-3.853871964321762,0.715
A375,-3.3979400086720375,0.86
A375,-2.9208187539523753,0.844
A375,-2.431798275933005,0.836
A375,-1.958607314841775,0.815
A375,-1.4685210829577449,0.446
A375,-1.0,0.296
A375,-0.5228787452803376,0.045
A375,-3.853871964321762,1.016
A375,-3.3979400086720375,1.023
A375,-2.9208187539523753,0.821
A375,-2.431798275933005,0.972
A375,-1.958607314841775,0.743
A375,-1.4685210829577449,0.435
A375,-1.0,0.298
A375,-0.5228787452803376,0.018
A375,-3.853871964321762,0.839
A375,-3.3979400086720375,1.08
A375,-2.9208187539523753,0.863
A375,-2.431798275933005,0.887
A375,-1.958607314841775,0.777
A375,-1.4685210829577449,0.459
A375,-1.0,0.258
A375,-0.5228787452803376,0.036
A375,-3.853871964321762,1.064
A375,-3.3979400086720375,1.116
A375,-2.9208187539523753,1.044
A375,-2.431798275933005,1.139
A375,-1.958607314841775,0.627
A375,-1.4685210829577449,0.412
A375,-1.0,0.206
A375,-0.5228787452803376,0.068
A375,-3.853871964321762,0.796
A375,-3.3979400086720375,1.038
A375,-2.9208187539523753,0.79
A375,-2.431798275933005,0.936
A375,-1.958607314841775,0.731
A375,-1.4685210829577449,0.452
A375,-1.0,0.228
A375,-0.5228787452803376,0.04
A375,-3.853871964321762,1.007
A375,-3.3979400086720375,1.096
A375,-2.9208187539523753,1.11
A375,-2.431798275933005,1.088
A375,-1.958607314841775,0.633
A375,-1.4685210829577449,0.432
A375,-1.0,0.201
A375,-0.5228787452803376,0.075
A375,-3.853871964321762,1.031
A375,-3.3979400086720375,1.038
A375,-2.9208187539523753,1.018
A375,-2.431798275933005,1.033
A375,-1.958607314841775,0.694
A375,-1.4685210829577449,0.387
A375,-1.0,0.193
A375,-0.5228787452803376,0.089
A427,-3.853871964321762,0.915
A427,-3.3979400086720375,0.851
A427,-2.9208187539523753,0.994
A427,-2.431798275933005,0.475
A427,-1.958607314841775,0.594
A427,-1.4685210829577449,0.22
A427,-1.0,0.1
A427,-0.5228787452803376,0.004
A427,-3.853871964321762,0.94
A427,-3.3979400086720375,0.987
A427,-2.9208187539523753,1.029
A427,-2.431798275933005,0.986
A427,-1.958607314841775,0.762
A427,-1.4685210829577449,0.159
A427,-1.0,0.034
A427,-0.5228787452803376,0.007
A427,-3.853871964321762,0.892
A427,-3.3979400086720375,1.182
A427,-2.9208187539523753,0.909
A427,-2.431798275933005,0.72
A427,-1.958607314841775,0.541
A427,-1.4685210829577449,0.227
A427,-1.0,0.002
A427,-0.5228787452803376,0.026
CAOV3,-3.853871964321762,1.076
CAOV3,-3.3979400086720375,1.021
CAOV3,-2.9208187539523753,1.041
CAOV3,-2.431798275933005,1.085
CAOV3,-1.958607314841775,0.835
CAOV3,-1.4685210829577449,0.377
CAOV3,-1.0,0.119
CAOV3,-0.5228787452803376,0.039
CAOV3,-3.853871964321762,0.795
CAOV3,-3.3979400086720375,0.834
CAOV3,-2.9208187539523753,1.0
CAOV3,-2.431798275933005,0.803
CAOV3,-1.958607314841775,0.877
CAOV3,-1.4685210829577449,0.364
CAOV3,-1.0,0.378
CAOV3,-0.5228787452803376,0.078
CAOV3,-3.853871964321762,1.057
CAOV3,-3.3979400086720375,0.924
CAOV3,-2.9208187539523753,0.969
CAOV3,-2.431798275933005,1.003
CAOV3,-1.958607314841775,0.867
CAOV3,-1.4685210829577449,0.363
CAOV3,-1.0,0.081
CAOV3,-0.5228787452803376,0.032
CAOV3,-3.853871964321762,1.098
CAOV3,-3.3979400086720375,0.813
CAOV3,-2.9208187539523753,0.985
CAOV3,-2.431798275933005,0.931
CAOV3,-1.958607314841775,0.792
CAOV3,-1.4685210829577449,0.271
CAOV3,-1.0,0.099
CAOV3,-0.5228787452803376,0.108
CAOV3,-3.853871964321762,1.08
CAOV3,-3.3979400086720375,1.167
CAOV3,-2.9208187539523753,1.118
CAOV3,-2.431798275933005,1.07
CAOV3,-1.958607314841775,0.891
CAOV3,-1.4685210829577449,0.233
CAOV3,-1.0,0.064
CAOV3,-0.5228787452803376,0.048
CAOV3,-3.853871964321762,0.927
CAOV3,-3.3979400086720375,0.89
CAOV3,-2.9208187539523753,0.734
CAOV3,-2.431798275933005,0.715
CAOV3,-1.958607314841775,0.534
CAOV3,-1.4685210829577449,0.335
CAOV3,-1.0,0.075
CAOV3,-0.5228787452803376,0.041
CAOV3,-3.853871964321762,0.998
CAOV3,-3.3979400086720375,1.005
CAOV3,-2.9208187539523753,1.051
CAOV3,-2.431798275933005,0.9
CAOV3,-1.958607314841775,0.951
CAOV3,-1.4685210829577449,0.31
CAOV3,-1.0,0.118
CAOV3,-0.5228787452803376,0.04
CAOV3,-3.853871964321762,1.11
CAOV3,-3.3979400086720375,1.092
CAOV3,-2.9208187539523753,1.012
CAOV3,-2.431798275933005,1.146
CAOV3,-1.958607314841775,0.833
CAOV3,-1.4685210829577449,0.386
CAOV3,-1.0,0.13
CAOV3,-0.5228787452803376,0.029
CAOV3,-3.853871964321762,0.988
CAOV3,-3.3979400086720375,1.158
CAOV3,-2.9208187539523753,0.807
CAOV3,-2.431798275933005,0.992
CAOV3,-1.958607314841775,0.779
CAOV3,-1.4685210829577449,0.346
CAOV3,-1.0,0.102
CAOV3,-0.5228787452803376,0.085
COLO320DM,-3.853871964321762,0.98
COLO320DM,-3.3979400086720375,1.119
COLO320DM,-2.9208187539523753,1.026
COLO320DM,-2.431798275933005,0.903
COLO320DM,-1.958607314841775,0.925
COLO320DM,-1.4685210829577449,0.928
COLO320DM,-1.0,0.969
COLO320DM,-0.5228787452803376,0.174
COLO320DM,-3.853871964321762,0.987
COLO320DM,-3.3979400086720375,0.928
COLO320DM,-2.9208187539523753,0.922
COLO320DM,-2.431798275933005,0.778
COLO320DM,-1.958607314841775,0.955
COLO320DM,-1.4685210829577449,0.813
COLO320DM,-1.0,0.896
COLO320DM,-0.5228787452803376,0.173
COLO320DM,-3.853871964321762,1.107
COLO320DM,-3.3979400086720375,1.039
COLO320DM,-2.9208187539523753,0.739
COLO320DM,-2.431798275933005,0.955
COLO320DM,-1.958607314841775,0.907
COLO320DM,-1.4685210829577449,0.633
COLO320DM,-1.0,0.474
COLO320DM,-0.5228787452803376,0.076
COLO320DM,-3.853871964321762,0.909
COLO320DM,-3.3979400086720375,1.061
COLO320DM,-2.9208187539523753,0.959
COLO320DM,-2.431798275933005,0.951
COLO320DM,-1.958607314841775,0.945
COLO320DM,-1.4685210829577449,0.692
COLO320DM,-1.0,0.611
COLO320DM,-0.5228787452803376,0.116
COLO320DM,-3.853871964321762,0.815
COLO320DM,-3.3979400086720375,0.876
COLO320DM,-2.9208187539523753,0.973
COLO320DM,-2.431798275933005,1.054
COLO320DM,-1.958607314841775,0.85
COLO320DM,-1.4685210829577449,0.582
COLO320DM,-1.0,0.158
COLO320DM,-0.5228787452803376,0.452
COLO320DM,-3.853871964321762,0.966
COLO320DM,-3.3979400086720375,0.948
COLO320DM,-2.9208187539523753,1.114
COLO320DM,-2.431798275933005,0.941
COLO320DM,-1.958607314841775,0.693
COLO320DM,-1.4685210829577449,0.77
COLO320DM,-1.0,0.192
COLO320DM,-0.5228787452803376,0.456
DLD1,-3.853871964321762,1.081
DLD1,-3.3979400086720375,0.418
DLD1,-2.9208187539523753,1.061
DLD1,-2.431798275933005,0.95
DLD1,-1.958607314841775,0.937
DLD1,-1.4685210829577449,0.873
DLD1,-1.0,0.586
DLD1,-0.5228787452803376,0.372
DLD1,-3.853871964321762,1.118
DLD1,-3.3979400086720375,0.982
DLD1,-2.9208187539523753,1.063
DLD1,-2.431798275933005,0.993
DLD1,-1.958607314841775,1.03
DLD1,-1.4685210829577449,0.763
DLD1,-1.0,0.439
DLD1,-0.5228787452803376,0.318
DLD1,-3.853871964321762,0.819
DLD1,-3.3979400086720375,1.027
DLD1,-2.9208187539523753,1.067
DLD1,-2.431798275933005,0.927
DLD1,-1.958607314841775,1.04
DLD1,-1.4685210829577449,0.576
DLD1,-1.0,0.358
DLD1,-0.5228787452803376,0.202
DLD1,-3.853871964321762,0.923
DLD1,-3.3979400086720375,1.032
DLD1,-2.9208187539523753,0.999
DLD1,-2.431798275933005,1.005
DLD1,-1.958607314841775,1.077
DLD1,-1.4685210829577449,0.684
DLD1,-1.0,0.44
DLD1,-0.5228787452803376,0.223
DLD1,-3.853871964321762,0.948
DLD1,-3.3979400086720375,1.031
DLD1,-2.9208187539523753,1.018
DLD1,-2.431798275933005,0.998
DLD1,-1.958607314841775,0.939
DLD1,-1.4685210829577449,0.797
DLD1,-1.0,0.517
DLD1,-0.5228787452803376,0.4
DLD1,-3.853871964321762,1.036
DLD1,-3.3979400086720375,0.957
DLD1,-2.9208187539523753,1.053
DLD1,-2.431798275933005,1.028
DLD1,-1.958607314841775,0.899
DLD1,-1.4685210829577449,0.832
DLD1,-1.0,0.606
DLD1,-0.5228787452803376,0.159
EFM192B,-3.853871964321762,0.993
EFM192B,-3.3979400086720375,0.832
EFM192B,-2.9208187539523753,1.013
EFM192B,-2.431798275933005,0.928
EFM192B,-1.958607314841775,1.122
EFM192B,-1.4685210829577449,0.542
EFM192B,-1.0,0.374
EFM192B,-0.5228787452803376,0.083
EFM192B,-3.853871964321762,1.07
EFM192B,-3.3979400086720375,0.982
EFM192B,-2.9208187539523753,0.926
EFM192B,-2.431798275933005,0.999
EFM192B,-1.958607314841775,1.068
EFM192B,-1.4685210829577449,0.576
EFM192B,-1.0,0.587
EFM192B,-0.5228787452803376,0.09
EFM192B,-3.853871964321762,0.996
EFM192B,-3.3979400086720375,1.05
EFM192B,-2.9208187539523753,0.883
EFM192B,-2.431798275933005,1.06
EFM192B,-1.958607314841775,1.012
EFM192B,-1.4685210829577449,0.652
EFM192B,-1.0,0.304
EFM192B,-0.5228787452803376,0.097
EFM192B,-3.853871964321762,1.042
EFM192B,-3.3979400086720375,1.143
EFM192B,-2.9208187539523753,1.118
EFM192B,-2.431798275933005,1.092
EFM192B,-1.958607314841775,0.905
EFM192B,-1.4685210829577449,0.622
EFM192B,-1.0,0.262
EFM192B,-0.5228787452803376,0.075
EFM192B,-3.853871964321762,0.979
EFM192B,-3.3979400086720375,1.037
EFM192B,-2.9208187539523753,0.959
EFM192B,-2.431798275933005,1.075
EFM192B,-1.958607314841775,0.814
EFM192B,-1.4685210829577449,0.619
EFM192B,-1.0,0.124
EFM192B,-0.5228787452803376,0.152
EFM192B,-3.853871964321762,1.108
EFM192B,-3.3979400086720375,1.078
EFM192B,-2.9208187539523753,1.066
EFM192B,-2.431798275933005,1.165
EFM192B,-1.958607314841775,0.756
EFM192B,-1.4685210829577449,0.611
EFM192B,-1.0,0.169
EFM192B,-0.5228787452803376,0.113
ES2,-3.853871964321762,1.02
ES2,-3.3979400086720375,0.783
ES2,-2.9208187539523753,1.071
ES2,-2.431798275933005,0.754
ES2,-1.958607314841775,1.03
ES2,-1.4685210829577449,0.663
ES2,-1.0,0.359
ES2,-0.5228787452803376,0.114
ES2,-3.853871964321762,1.007
ES2,-3.3979400086720375,0.798
ES2,-2.9208187539523753,1.035
ES2,-2.431798275933005,0.752
ES2,-1.958607314841775,1.029
ES2,-1.4685210829577449,0.696
ES2,-1.0,0.349
ES2,-0.5228787452803376,0.119
ES2,-3.853871964321762,0.788
ES2,-3.3979400086720375,1.062
ES2,-2.9208187539523753,0.776
ES2,-2.431798275933005,1.054
ES2,-1.958607314841775,1.062
ES2,-1.4685210829577449,0.636
ES2,-1.0,0.303
ES2,-0.5228787452803376,0.057
ES2,-3.853871964321762,0.76
ES2,-3.3979400086720375,1.083
ES2,-2.9208187539523753,0.789
ES2,-2.431798275933005,1.085
ES2,-1.958607314841775,0.993
ES2,-1.4685210829577449,0.622
ES2,-1.0,0.321
ES2,-0.5228787452803376,0.063
ES2,-3.853871964321762,0.979
ES2,-3.3979400086720375,0.998
ES2,-2.9208187539523753,1.012
ES2,-2.431798275933005,1.021
ES2,-1.958607314841775,0.956
ES2,-1.4685210829577449,0.625
ES2,-1.0,0.206
ES2,-0.5228787452803376,0.116
ES2,-3.853871964321762,1.045
ES2,-3.3979400086720375,1.067
ES2,-2.9208187539523753,1.102
ES2,-2.431798275933005,1.096
ES2,-1.958607314841775,0.764
ES2,-1.4685210829577449,0.604
ES2,-1.0,0.247
ES2,-0.5228787452803376,0.162
HCT116,-3.853871964321762,0.908
HCT116,-3.3979400086720375,0.891
HCT116,-2.9208187539523753,1.004
HCT116,-2.431798275933005,0.987
HCT116,-1.958607314841775,1.039
HCT116,-1.4685210829577449,0.593
HCT116,-1.0,0.352
HCT116,-0.5228787452803376,0.049
HCT116,-3.853871964321762,0.965
HCT116,-3.3979400086720375,0.945
HCT116,-2.9208187539523753,1.004
HCT116,-2.431798275933005,0.912
HCT116,-1.958607314841775,1.125
HCT116,-1.4685210829577449,0.657
HCT116,-1.0,0.295
HCT116,-0.5228787452803376,0.025
HCT116,-3.853871964321762,0.962
HCT116,-3.3979400086720375,0.886
HCT116,-2.9208187539523753,1.082
HCT116,-2.431798275933005,0.9
HCT116,-1.958607314841775,0.987
HCT116,-1.4685210829577449,0.428
HCT116,-1.0,0.342
HCT116,-0.5228787452803376,0.044
HCT116,-3.853871964321762,1.011
HCT116,-3.3979400086720375,0.966
HCT116,-2.9208187539523753,1.01
HCT116,-2.431798275933005,0.94
HCT116,-1.958607314841775,0.952
HCT116,-1.4685210829577449,0.573
HCT116,-1.0,0.362
HCT116,-0.5228787452803376,0.037
HCT116,-3.853871964321762,1.026
HCT116,-3.3979400086720375,1.08
HCT116,-2.9208187539523753,1.032
HCT116,-2.431798275933005,1.034
HCT116,-1.958607314841775,0.988
HCT116,-1.4685210829577449,0.565
HCT116,-1.0,0.258
HCT116,-0.5228787452803376,0.046
HCT116,-3.853871964321762,0.989
HCT116,-3.3979400086720375,0.973
HCT116,-2.9208187539523753,1.045
HCT116,-2.431798275933005,0.963
HCT116,-1.958607314841775,0.999
HCT116,-1.4685210829577449,0.645
HCT116,-1.0,0.352
HCT116,-0.5228787452803376,0.033
HCT116,-3.853871964321762,1.071
HCT116,-3.3979400086720375,1.046
HCT116,-2.9208187539523753,1.007
HCT116,-2.431798275933005,0.989
HCT116,-1.958607314841775,1.005
HCT116,-1.4685210829577449,0.413
HCT116,-1.0,0.254
HCT116,-0.5228787452803376,0.049
HCT116,-3.853871964321762,0.987
HCT116,-3.3979400086720375,1.125
HCT116,-2.9208187539523753,1.026
HCT116,-2.431798275933005,0.939
HCT116,-1.958607314841775,0.974
HCT116,-1.4685210829577449,0.502
HCT116,-1.0,0.272
HCT116,-0.5228787452803376,0.017
HCT116,-3.853871964321762,1.073
HCT116,-3.3979400086720375,1.044
HCT116,-2.9208187539523753,1.044
HCT116,-2.431798275933005,1.051
HCT116,-1.958607314841775,0.864
HCT116,-1.4685210829577449,0.562
HCT116,-1.0,0.071
HCT116,-0.5228787452803376,0.068
HCT116,-3.853871964321762,0.944
HCT116,-3.3979400086720375,0.964
HCT116,-2.9208187539523753,0.99
HCT116,-2.431798275933005,0.997
HCT116,-1.958607314841775,0.88
HCT116,-1.4685210829577449,0.447
HCT116,-1.0,0.087
HCT116,-0.5228787452803376,0.058
HCT116,-3.853871964321762,0.945
HCT116,-3.3979400086720375,0.918
HCT116,-2.9208187539523753,0.875
HCT116,-2.431798275933005,0.971
HCT116,-1.958607314841775,0.908
HCT116,-1.4685210829577449,0.557
HCT116,-1.0,0.069
HCT116,-0.5228787452803376,0.059
HCT116,-3.853871964321762,0.923
HCT116,-3.3979400086720375,0.986
HCT116,-2.9208187539523753,1.042
HCT116,-2.431798275933005,1.09
HCT116,-1.958607314841775,0.825
HCT116,-1.4685210829577449,0.457
HCT116,-1.0,0.052
HCT116,-0.5228787452803376,0.043
HT144,-3.853871964321762,0.931
HT144,-3.3979400086720375,0.969
HT144,-2.9208187539523753,0.912
HT144,-2.431798275933005,0.922
HT144,-1.958607314841775,0.864
HT144,-1.4685210829577449,0.857
HT144,-1.0,0.63
HT144,-0.5228787452803376,0.152
HT144,-3.853871964321762,0.905
HT144,-3.3979400086720375,0.948
HT144,-2.9208187539523753,0.934
HT144,-2.431798275933005,0.947
HT144,-1.958607314841775,0.85
HT144,-1.4685210829577449,0.773
HT144,-1.0,0.596
HT144,-0.5228787452803376,0.161
HT144,-3.853871964321762,0.907
HT144,-3.3979400086720375,1.044
HT144,-2.9208187539523753,0.922
HT144,-2.431798275933005,1.103
HT144,-1.958607314841775,0.9
HT144,-1.4685210829577449,0.767
HT144,-1.0,0.623
HT144,-0.5228787452803376,0.114
HT144,-3.853871964321762,0.876
HT144,-3.3979400086720375,1.122
HT144,-2.9208187539523753,0.854
HT144,-2.431798275933005,0.94
HT144,-1.958607314841775,0.826
HT144,-1.4685210829577449,0.631
HT144,-1.0,0.538
HT144,-0.5228787452803376,0.1
HT144,-3.853871964321762,1.006
HT144,-3.3979400086720375,0.973
HT144,-2.9208187539523753,0.98
HT144,-2.431798275933005,0.932
HT144,-1.958607314841775,0.799
HT144,-1.4685210829577449,0.648
HT144,-1.0,0.507
HT144,-0.5228787452803376,0.208
HT144,-3.853871964321762,1.044
HT144,-3.3979400086720375,0.967
HT144,-2.9208187539523753,1.024
HT144,-2.431798275933005,1.038
HT144,-1.958607314841775,0.701
HT144,-1.4685210829577449,0.731
HT144,-1.0,0.469
HT144,-0.5228787452803376,0.249
HT29,-3.853871964321762,0.85
HT29,-3.3979400086720375,0.924
HT29,-2.9208187539523753,0.793
HT29,-2.431798275933005,0.893
HT29,-1.958607314841775,1.081
HT29,-1.4685210829577449,0.534
HT29,-1.0,0.451
HT29,-0.5228787452803376,0.064
HT29,-3.853871964321762,0.95
HT29,-3.3979400086720375,0.969
HT29,-2.9208187539523753,0.885
HT29,-2.431798275933005,1.046
HT29,-1.958607314841775,1.034
HT29,-1.4685210829577449,0.447
HT29,-1.0,0.436
HT29,-0.5228787452803376,0.05
HT29,-3.853871964321762,0.919
HT29,-3.3979400086720375,0.972
HT29,-2.9208187539523753,0.453
HT29,-2.431798275933005,0.583
HT29,-1.958607314841775,0.998
HT29,-1.4685210829577449,0.467
HT29,-1.0,0.399
HT29,-0.5228787452803376,0.081
HT29,-3.853871964321762,1.049
HT29,-3.3979400086720375,1.043
HT29,-2.9208187539523753,0.999
HT29,-2.431798275933005,1.086
HT29,-1.958607314841775,0.939
HT29,-1.4685210829577449,0.603
HT29,-1.0,0.336
HT29,-0.5228787452803376,0.074
HT29,-3.853871964321762,0.805
HT29,-3.3979400086720375,0.848
HT29,-2.9208187539523753,0.76
HT29,-2.431798275933005,0.899
HT29,-1.958607314841775,0.793
HT29,-1.4685210829577449,0.63
HT29,-1.0,0.289
HT29,-0.5228787452803376,0.081
HT29,-3.853871964321762,1.061
HT29,-3.3979400086720375,0.98
HT29,-2.9208187539523753,1.027
HT29,-2.431798275933005,1.159
HT29,-1.958607314841775,0.948
HT29,-1.4685210829577449,0.624
HT29,-1.0,0.301
HT29,-0.5228787452803376,0.096
KPL1,-3.853871964321762,1.004
KPL1,-3.3979400086720375,0.926
KPL1,-2.9208187539523753,0.965
KPL1,-2.431798275933005,0.901
KPL1,-1.958607314841775,0.914
KPL1,-1.4685210829577449,0.864
KPL1,-1.0,0.56
KPL1,-0.5228787452803376,0.183
KPL1,-3.853871964321762,0.985
KPL1,-3.3979400086720375,0.83
KPL1,-2.9208187539523753,1.05
KPL1,-2.431798275933005,0.812
KPL1,-1.958607314841775,0.855
KPL1,-1.4685210829577449,0.853
KPL1,-1.0,0.683
KPL1,-0.5228787452803376,0.19
KPL1,-3.853871964321762,1.049
KPL1,-3.3979400086720375,1.15
KPL1,-2.9208187539523753,0.886
KPL1,-2.431798275933005,0.864
KPL1,-1.958607314841775,0.994
KPL1,-1.4685210829577449,0.749
KPL1,-1.0,0.578
KPL1,-0.5228787452803376,0.207
KPL1,-3.853871964321762,0.931
KPL1,-3.3979400086720375,1.015
KPL1,-2.9208187539523753,0.884
KPL1,-2.431798275933005,0.968
KPL1,-1.958607314841775,0.895
KPL1,-1.4685210829577449,0.683
KPL1,-1.0,0.554
KPL1,-0.5228787452803376,0.174
KPL1,-3.853871964321762,1.079
KPL1,-3.3979400086720375,0.917
KPL1,-2.9208187539523753,1.024
KPL1,-2.431798275933005,0.927
KPL1,-1.958607314841775,0.633
KPL1,-1.4685210829577449,0.626
KPL1,-1.0,0.236
KPL1,-0.5228787452803376,0.155
KPL1,-3.853871964321762,1.121
KPL1,-3.3979400086720375,0.994
KPL1,-2.9208187539523753,1.047
KPL1,-2.431798275933005,0.983
KPL1,-1.958607314841775,0.58
KPL1,-1.4685210829577449,0.491
KPL1,-1.0,0.24
KPL1,-0.5228787452803376,0.142
LNCAP,-3.853871964321762,0.893
LNCAP,-3.3979400086720375,0.895
LNCAP,-2.9208187539523753,0.827
LNCAP,-2.431798275933005,0.674
LNCAP,-1.958607314841775,0.961
LNCAP,-1.4685210829577449,0.371
LNCAP,-1.0,0.402
LNCAP,-0.5228787452803376,0.014
LNCAP,-3.853871964321762,1.115
LNCAP,-3.3979400086720375,0.808
LNCAP,-2.9208187539523753,1.054
LNCAP,-2.431798275933005,0.674
LNCAP,-1.958607314841775,0.684
LNCAP,-1.4685210829577449,0.396
LNCAP,-1.0,0.318
LNCAP,-0.5228787452803376,0.021
LNCAP,-3.853871964321762,1.019
LNCAP,-3.3979400086720375,0.872
LNCAP,-2.9208187539523753,1.214
LNCAP,-2.431798275933005,0.598
LNCAP,-1.958607314841775,0.774
LNCAP,-1.4685210829577449,0.372
LNCAP,-1.0,0.501
LNCAP,-0.5228787452803376,0.026
LNCAP,-3.853871964321762,0.986
LNCAP,-3.3979400086720375,0.908
LNCAP,-2.9208187539523753,1.049
LNCAP,-2.431798275933005,0.782
LNCAP,-1.958607314841775,0.327
LNCAP,-1.4685210829577449,0.374
LNCAP,-1.0,0.147
LNCAP,-0.5228787452803376,0.028
LNCAP,-3.853871964321762,0.897
LNCAP,-3.3979400086720375,0.969
LNCAP,-2.9208187539523753,1.024
LNCAP,-2.431798275933005,0.843
LNCAP,-1.958607314841775,0.436
LNCAP,-1.4685210829577449,0.377
LNCAP,-1.0,0.35
LNCAP,-0.5228787452803376,0.044
LNCAP,-3.853871964321762,1.02
LNCAP,-3.3979400086720375,0.923
LNCAP,-2.9208187539523753,0.863
LNCAP,-2.431798275933005,0.902
LNCAP,-1.958607314841775,0.573
LNCAP,-1.4685210829577449,0.37
LNCAP,-1.0,0.034
LNCAP,-0.5228787452803376,0.03
LNCAP,-3.853871964321762,1.181
LNCAP,-3.3979400086720375,1.279
LNCAP,-2.9208187539523753,0.852
LNCAP,-2.431798275933005,1.172
LNCAP,-1.958607314841775,0.657
LNCAP,-1.4685210829577449,0.408
LNCAP,-1.0,0.225
LNCAP,-0.5228787452803376,0.264
LNCAP,-3.853871964321762,1.031
LNCAP,-3.3979400086720375,1.262
LNCAP,-2.9208187539523753,0.966
LNCAP,-2.431798275933005,1.359
LNCAP,-1.958607314841775,0.633
LNCAP,-1.4685210829577449,0.548
LNCAP,-1.0,0.054
LNCAP,-0.5228787452803376,0.107
LNCAP,-3.853871964321762,1.2
LNCAP,-3.3979400086720375,1.25
LNCAP,-2.9208187539523753,0.704
LNCAP,-2.431798275933005,0.93
LNCAP,-1.958607314841775,0.396
LNCAP,-1.4685210829577449,0.322
LNCAP,-1.0,0.023
LNCAP,-0.5228787452803376,0.122
LOVO,-3.853871964321762,0.753
LOVO,-3.3979400086720375,0.969
LOVO,-2.9208187539523753,0.738
LOVO,-2.431798275933005,0.771
LOVO,-1.958607314841775,0.755
LOVO,-1.4685210829577449,0.264
LOVO,-1.0,0.329
LOVO,-0.5228787452803376,0.049
LOVO,-3.853871964321762,0.8
LOVO,-3.3979400086720375,0.9
LOVO,-2.9208187539523753,0.983
LOVO,-2.431798275933005,0.833
LOVO,-1.958607314841775,0.619
LOVO,-1.4685210829577449,0.382
LOVO,-1.0,0.303
LOVO,-0.5228787452803376,0.054
LOVO,-3.853871964321762,0.75
LOVO,-3.3979400086720375,0.671
LOVO,-2.9208187539523753,0.799
LOVO,-2.431798275933005,0.789
LOVO,-1.958607314841775,0.714
LOVO,-1.4685210829577449,0.352
LOVO,-1.0,0.191
LOVO,-0.5228787452803376,0.033
LOVO,-3.853871964321762,1.063
LOVO,-3.3979400086720375,1.07
LOVO,-2.9208187539523753,0.84
LOVO,-2.431798275933005,0.962
LOVO,-1.958607314841775,0.654
LOVO,-1.4685210829577449,0.434
LOVO,-1.0,0.261
LOVO,-0.5228787452803376,0.021
LOVO,-3.853871964321762,1.074
LOVO,-3.3979400086720375,0.908
LOVO,-2.9208187539523753,0.901
LOVO,-2.431798275933005,0.952
LOVO,-1.958607314841775,0.525
LOVO,-1.4685210829577449,0.414
LOVO,-1.0,0.118
LOVO,-0.5228787452803376,0.093
LOVO,-3.853871964321762,1.187
LOVO,-3.3979400086720375,0.879
LOVO,-2.9208187539523753,1.032
LOVO,-2.431798275933005,0.965
LOVO,-1.958607314841775,0.636
LOVO,-1.4685210829577449,0.341
LOVO,-1.0,0.151
LOVO,-0.5228787452803376,0.109
MDAMB436,-3.853871964321762,1.091
MDAMB436,-3.3979400086720375,0.998
MDAMB436,-2.9208187539523753,1.067
MDAMB436,-2.431798275933005,0.865
MDAMB436,-1.958607314841775,0.832
MDAMB436,-1.4685210829577449,0.495
MDAMB436,-1.0,0.449
MDAMB436,-0.5228787452803376,0.286
MDAMB436,-3.853871964321762,0.984
MDAMB436,-3.3979400086720375,0.93
MDAMB436,-2.9208187539523753,1.166
MDAMB436,-2.431798275933005,0.784
MDAMB436,-1.958607314841775,0.705
MDAMB436,-1.4685210829577449,0.462
MDAMB436,-1.0,0.495
MDAMB436,-0.5228787452803376,0.305
MDAMB436,-3.853871964321762,0.77
MDAMB436,-3.3979400086720375,1.018
MDAMB436,-2.9208187539523753,0.9
MDAMB436,-2.431798275933005,0.872
MDAMB436,-1.958607314841775,0.699
MDAMB436,-1.4685210829577449,0.535
MDAMB436,-1.0,0.394
MDAMB436,-0.5228787452803376,0.295
MDAMB436,-3.853871964321762,0.892
MDAMB436,-3.3979400086720375,1.024
MDAMB436,-2.9208187539523753,0.764
MDAMB436,-2.431798275933005,0.878
MDAMB436,-1.958607314841775,0.675
MDAMB436,-1.4685210829577449,0.48
MDAMB436,-1.0,0.344
MDAMB436,-0.5228787452803376,0.271
MDAMB436,-3.853871964321762,0.983
MDAMB436,-3.3979400086720375,0.971
MDAMB436,-2.9208187539523753,0.931
MDAMB436,-2.431798275933005,0.797
MDAMB436,-1.958607314841775,0.601
MDAMB436,-1.4685210829577449,0.45
MDAMB436,-1.0,0.348
MDAMB436,-0.5228787452803376,0.282
MDAMB436,-3.853871964321762,1.05
MDAMB436,-3.3979400086720375,0.966
MDAMB436,-2.9208187539523753,0.947
MDAMB436,-2.431798275933005,0.898
MDAMB436,-1.958607314841775,0.556
MDAMB436,-1.4685210829577449,0.513
MDAMB436,-1.0,0.352
MDAMB436,-0.5228787452803376,0.309
MSTO,-3.853871964321762,0.969
MSTO,-3.3979400086720375,0.824
MSTO,-2.9208187539523753,0.928
MSTO,-2.431798275933005,0.765
MSTO,-1.958607314841775,0.925
MSTO,-1.4685210829577449,0.242
MSTO,-1.0,0.213
MSTO,-0.5228787452803376,0.034
MSTO,-3.853871964321762,0.884
MSTO,-3.3979400086720375,0.872
MSTO,-2.9208187539523753,0.902
MSTO,-2.431798275933005,0.837
MSTO,-1.958607314841775,0.912
MSTO,-1.4685210829577449,0.513
MSTO,-1.0,0.396
MSTO,-0.5228787452803376,0.014
MSTO,-3.853871964321762,0.985
MSTO,-3.3979400086720375,0.813
MSTO,-2.9208187539523753,1.258
MSTO,-2.431798275933005,0.581
MSTO,-1.958607314841775,1.131
MSTO,-1.4685210829577449,0.31
MSTO,-1.0,0.283
MSTO,-0.5228787452803376,0.049
MSTO,-3.853871964321762,0.944
MSTO,-3.3979400086720375,1.09
MSTO,-2.9208187539523753,1.018
MSTO,-2.431798275933005,0.913
MSTO,-1.958607314841775,0.669
MSTO,-1.4685210829577449,0.328
MSTO,-1.0,0.217
MSTO,-0.5228787452803376,0.009
MSTO,-3.853871964321762,1.058
MSTO,-3.3979400086720375,1.035
MSTO,-2.9208187539523753,1.064
MSTO,-2.431798275933005,0.777
MSTO,-1.958607314841775,0.702
MSTO,-1.4685210829577449,0.215
MSTO,-1.0,0.134
MSTO,-0.5228787452803376,0.031
MSTO,-3.853871964321762,1.081
MSTO,-3.3979400086720375,1.002
MSTO,-2.9208187539523753,0.9
MSTO,-2.431798275933005,0.916
MSTO,-1.958607314841775,0.522
MSTO,-1.4685210829577449,0.356
MSTO,-1.0,0.021
MSTO,-0.5228787452803376,0.042
MSTO,-3.853871964321762,0.993
MSTO,-3.3979400086720375,1.28
MSTO,-2.9208187539523753,1.105
MSTO,-2.431798275933005,1.191
MSTO,-1.958607314841775,0.379
MSTO,-1.4685210829577449,0.196
MSTO,-1.0,0.194
MSTO,-0.5228787452803376,0.046
MSTO,-3.853871964321762,1.069
MSTO,-3.3979400086720375,1.06
MSTO,-2.9208187539523753,0.996
MSTO,-2.431798275933005,0.942
MSTO,-1.958607314841775,0.423
MSTO,-1.4685210829577449,0.254
MSTO,-1.0,0.081
MSTO,-0.5228787452803376,0.116
MSTO,-3.853871964321762,0.742
MSTO,-3.3979400086720375,1.146
MSTO,-2.9208187539523753,1.139
MSTO,-2.431798275933005,0.856
MSTO,-1.958607314841775,0.336
MSTO,-1.4685210829577449,0.204
MSTO,-1.0,0.151
MSTO,-0.5228787452803376,0.091
NCIH1650,-3.853871964321762,1.05
NCIH1650,-3.3979400086720375,0.982
NCIH1650,-2.9208187539523753,1.043
NCIH1650,-2.431798275933005,1.035
NCIH1650,-1.958607314841775,0.973
NCIH1650,-1.4685210829577449,0.893
NCIH1650,-1.0,0.861
NCIH1650,-0.5228787452803376,0.09
NCIH1650,-3.853871964321762,1.102
NCIH1650,-3.3979400086720375,0.951
NCIH1650,-2.9208187539523753,1.097
NCIH1650,-2.431798275933005,0.963
NCIH1650,-1.958607314841775,1.006
NCIH1650,-1.4685210829577449,0.932
NCIH1650,-1.0,0.782
NCIH1650,-0.5228787452803376,0.083
NCIH1650,-3.853871964321762,0.981
NCIH1650,-3.3979400086720375,0.964
NCIH1650,-2.9208187539523753,0.904
NCIH1650,-2.431798275933005,0.971
NCIH1650,-1.958607314841775,0.997
NCIH1650,-1.4685210829577449,0.798
NCIH1650,-1.0,0.485
NCIH1650,-0.5228787452803376,0.07
NCIH1650,-3.853871964321762,1.031
NCIH1650,-3.3979400086720375,1.0
NCIH1650,-2.9208187539523753,1.012
NCIH1650,-2.431798275933005,1.081
NCIH1650,-1.958607314841775,0.97
NCIH1650,-1.4685210829577449,0.833
NCIH1650,-1.0,0.554
NCIH1650,-0.5228787452803376,0.073
NCIH1650,-3.853871964321762,0.93
NCIH1650,-3.3979400086720375,0.905
NCIH1650,-2.9208187539523753,0.933
NCIH1650,-2.431798275933005,0.983
NCIH1650,-1.958607314841775,0.941
NCIH1650,-1.4685210829577449,0.764
NCIH1650,-1.0,0.228
NCIH1650,-0.5228787452803376,0.07
NCIH1650,-3.853871964321762,0.972
NCIH1650,-3.3979400086720375,0.986
NCIH1650,-2.9208187539523753,0.95
NCIH1650,-2.431798275933005,1.009
NCIH1650,-1.958607314841775,0.872
NCIH1650,-1.4685210829577449,0.792
NCIH1650,-1.0,0.192
NCIH1650,-0.5228787452803376,0.067
NCIH2122,-3.853871964321762,1.033
NCIH2122,-3.3979400086720375,1.0
NCIH2122,-2.9208187539523753,1.05
NCIH2122,-2.431798275933005,0.933
NCIH2122,-1.958607314841775,0.722
NCIH2122,-1.4685210829577449,0.381
NCIH2122,-1.0,0.304
NCIH2122,-0.5228787452803376,0.055
NCIH2122,-3.853871964321762,1.039
NCIH2122,-3.3979400086720375,0.905
NCIH2122,-2.9208187539523753,1.039
NCIH2122,-2.431798275933005,0.862
NCIH2122,-1.958607314841775,0.62
NCIH2122,-1.4685210829577449,0.391
NCIH2122,-1.0,0.245
NCIH2122,-0.5228787452803376,0.055
NCIH2122,-3.853871964321762,1.07
NCIH2122,-3.3979400086720375,1.015
NCIH2122,-2.9208187539523753,1.026
NCIH2122,-2.431798275933005,0.974
NCIH2122,-1.958607314841775,0.641
NCIH2122,-1.4685210829577449,0.376
NCIH2122,-1.0,0.279
NCIH2122,-0.5228787452803376,0.034
NCIH2122,-3.853871964321762,1.042
NCIH2122,-3.3979400086720375,1.002
NCIH2122,-2.9208187539523753,0.94
NCIH2122,-2.431798275933005,0.945
NCIH2122,-1.958607314841775,0.414
NCIH2122,-1.4685210829577449,0.29
NCIH2122,-1.0,0.241
NCIH2122,-0.5228787452803376,0.033
NCIH2122,-3.853871964321762,0.957
NCIH2122,-3.3979400086720375,1.022
NCIH2122,-2.9208187539523753,0.912
NCIH2122,-2.431798275933005,0.937
NCIH2122,-1.958607314841775,0.616
NCIH2122,-1.4685210829577449,0.471
NCIH2122,-1.0,0.177
NCIH2122,-0.5228787452803376,0.138
NCIH2122,-3.853871964321762,1.028
NCIH2122,-3.3979400086720375,1.04
NCIH2122,-2.9208187539523753,1.001
NCIH2122,-2.431798275933005,0.927
NCIH2122,-1.958607314841775,0.667
NCIH2122,-1.4685210829577449,0.325
NCIH2122,-1.0,0.177
NCIH2122,-0.5228787452803376,0.177
NCIH23,-3.853871964321762,0.971
NCIH23,-3.3979400086720375,1.021
NCIH23,-2.9208187539523753,1.011
NCIH23,-2.431798275933005,0.927
NCIH23,-1.958607314841775,0.736
NCIH23,-1.4685210829577449,0.202
NCIH23,-1.0,0.098
NCIH23,-0.5228787452803376,0.023
NCIH23,-3.853871964321762,1.025
NCIH23,-3.3979400086720375,0.953
NCIH23,-2.9208187539523753,1.008
NCIH23,-2.431798275933005,0.994
NCIH23,-1.958607314841775,0.728
NCIH23,-1.4685210829577449,0.234
NCIH23,-1.0,0.153
NCIH23,-0.5228787452803376,0.033
NCIH23,-3.853871964321762,1.048
NCIH23,-3.3979400086720375,1.004
NCIH23,-2.9208187539523753,0.934
NCIH23,-2.431798275933005,0.966
NCIH23,-1.958607314841775,0.82
NCIH23,-1.4685210829577449,0.142
NCIH23,-1.0,0.093
NCIH23,-0.5228787452803376,0.033
NCIH23,-3.853871964321762,1.048
NCIH23,-3.3979400086720375,1.026
NCIH23,-2.9208187539523753,0.968
NCIH23,-2.431798275933005,1.036
NCIH23,-1.958607314841775,0.594
NCIH23,-1.4685210829577449,0.232
NCIH23,-1.0,0.096
NCIH23,-0.5228787452803376,0.024
NCIH23,-3.853871964321762,0.974
NCIH23,-3.3979400086720375,0.998
NCIH23,-2.9208187539523753,0.981
NCIH23,-2.431798275933005,1.06
NCIH23,-1.958607314841775,0.571
NCIH23,-1.4685210829577449,0.214
NCIH23,-1.0,0.069
NCIH23,-0.5228787452803376,0.036
NCIH23,-3.853871964321762,0.99
NCIH23,-3.3979400086720375,0.921
NCIH23,-2.9208187539523753,0.964
NCIH23,-2.431798275933005,0.872
NCIH23,-1.958607314841775,0.373
NCIH23,-1.4685210829577449,0.176
NCIH23,-1.0,0.053
NCIH23,-0.5228787452803376,0.029
NCIH23,-3.853871964321762,0.904
NCIH23,-3.3979400086720375,1.093
NCIH23,-2.9208187539523753,0.874
NCIH23,-2.431798275933005,1.032
NCIH23,-1.958607314841775,0.67
NCIH23,-1.4685210829577449,0.182
NCIH23,-1.0,0.068
NCIH23,-0.5228787452803376,0.029
NCIH23,-3.853871964321762,1.024
NCIH23,-3.3979400086720375,1.16
NCIH23,-2.9208187539523753,0.992
NCIH23,-2.431798275933005,1.135
NCIH23,-1.958607314841775,0.599
NCIH23,-1.4685210829577449,0.226
NCIH23,-1.0,0.054
NCIH23,-0.5228787452803376,0.03
NCIH23,-3.853871964321762,0.972
NCIH23,-3.3979400086720375,0.953
NCIH23,-2.9208187539523753,1.042
NCIH23,-2.431798275933005,0.964
NCIH23,-1.958607314841775,0.646
NCIH23,-1.4685210829577449,0.192
NCIH23,-1.0,0.098
NCIH23,-0.5228787452803376,0.03
NCIH460,-3.853871964321762,0.911
NCIH460,-3.3979400086720375,0.903
NCIH460,-2.9208187539523753,0.869
NCIH460,-2.431798275933005,0.947
NCIH460,-1.958607314841775,0.911
NCIH460,-1.4685210829577449,0.544
NCIH460,-1.0,0.494
NCIH460,-0.5228787452803376,0.136
NCIH460,-3.853871964321762,0.894
NCIH460,-3.3979400086720375,0.958
NCIH460,-2.9208187539523753,0.827
NCIH460,-2.431798275933005,0.878
NCIH460,-1.958607314841775,0.884
NCIH460,-1.4685210829577449,0.563
NCIH460,-1.0,0.455
NCIH460,-0.5228787452803376,0.155
NCIH460,-3.853871964321762,1.019
NCIH460,-3.3979400086720375,1.053
NCIH460,-2.9208187539523753,1.06
NCIH460,-2.431798275933005,0.963
NCIH460,-1.958607314841775,0.833
NCIH460,-1.4685210829577449,0.516
NCIH460,-1.0,0.41
NCIH460,-0.5228787452803376,0.099
NCIH460,-3.853871964321762,0.924
NCIH460,-3.3979400086720375,0.952
NCIH460,-2.9208187539523753,0.846
NCIH460,-2.431798275933005,0.95
NCIH460,-1.958607314841775,0.825
NCIH460,-1.4685210829577449,0.55
NCIH460,-1.0,0.373
NCIH460,-0.5228787452803376,0.065
NCIH460,-3.853871964321762,1.021
NCIH460,-3.3979400086720375,1.02
NCIH460,-2.9208187539523753,1.022
NCIH460,-2.431798275933005,1.001
NCIH460,-1.958607314841775,0.836
NCIH460,-1.4685210829577449,0.528
NCIH460,-1.0,0.328
NCIH460,-0.5228787452803376,0.168
NCIH460,-3.853871964321762,1.008
NCIH460,-3.3979400086720375,1.027
NCIH460,-2.9208187539523753,0.956
NCIH460,-2.431798275933005,0.933
NCIH460,-1.958607314841775,0.821
NCIH460,-1.4685210829577449,0.496
NCIH460,-1.0,0.318
NCIH460,-0.5228787452803376,0.18
NCIH520,-3.853871964321762,0.877
NCIH520,-3.3979400086720375,1.109
NCIH520,-2.9208187539523753,1.118
NCIH520,-2.431798275933005,1.163
NCIH520,-1.958607314841775,0.83
NCIH520,-1.4685210829577449,0.912
NCIH520,-1.0,0.75
NCIH520,-0.5228787452803376,0.234
NCIH520,-3.853871964321762,1.052
NCIH520,-3.3979400086720375,0.766
NCIH520,-2.9208187539523753,1.057
NCIH520,-2.431798275933005,0.896
NCIH520,-1.958607314841775,1.006
NCIH520,-1.4685210829577449,0.937
NCIH520,-1.0,0.6
NCIH520,-0.5228787452803376,0.282
NCIH520,-3.853871964321762,0.97
NCIH520,-3.3979400086720375,0.782
NCIH520,-2.9208187539523753,1.186
NCIH520,-2.431798275933005,0.998
NCIH520,-1.958607314841775,1.185
NCIH520,-1.4685210829577449,0.657
NCIH520,-1.0,0.558
NCIH520,-0.5228787452803376,0.238
NCIH520,-3.853871964321762,1.047
NCIH520,-3.3979400086720375,1.103
NCIH520,-2.9208187539523753,0.973
NCIH520,-2.431798275933005,0.991
NCIH520,-1.958607314841775,0.837
NCIH520,-1.4685210829577449,0.648
NCIH520,-1.0,0.432
NCIH520,-0.5228787452803376,0.198
NCIH520,-3.853871964321762,1.027
NCIH520,-3.3979400086720375,1.025
NCIH520,-2.9208187539523753,0.898
NCIH520,-2.431798275933005,1.211
NCIH520,-1.958607314841775,1.005
NCIH520,-1.4685210829577449,0.884
NCIH520,-1.0,0.381
NCIH520,-0.5228787452803376,0.415
NCIH520,-3.853871964321762,1.012
NCIH520,-3.3979400086720375,0.966
NCIH520,-2.9208187539523753,0.908
NCIH520,-2.431798275933005,0.95
NCIH520,-1.958607314841775,0.944
NCIH520,-1.4685210829577449,0.847
NCIH520,-1.0,0.33
NCIH520,-0.5228787452803376,0.346
OCUBM,-3.853871964321762,1.09
OCUBM,-3.3979400086720375,0.891
OCUBM,-2.9208187539523753,0.997
OCUBM,-2.431798275933005,0.724
OCUBM,-1.958607314841775,0.508
OCUBM,-1.4685210829577449,0.213
OCUBM,-1.0,0.091
OCUBM,-0.5228787452803376,0.008
OCUBM,-3.853871964321762,0.988
OCUBM,-3.3979400086720375,0.93
OCUBM,-2.9208187539523753,1.046
OCUBM,-2.431798275933005,0.746
OCUBM,-1.958607314841775,0.565
OCUBM,-1.4685210829577449,0.358
OCUBM,-1.0,0.117
OCUBM,-0.5228787452803376,0.004
OCUBM,-3.853871964321762,0.904
OCUBM,-3.3979400086720375,1.025
OCUBM,-2.9208187539523753,0.939
OCUBM,-2.431798275933005,0.962
OCUBM,-1.958607314841775,0.562
OCUBM,-1.4685210829577449,0.215
OCUBM,-1.0,0.084
OCUBM,-0.5228787452803376,0.005
OCUBM,-3.853871964321762,0.9
OCUBM,-3.3979400086720375,1.029
OCUBM,-2.9208187539523753,1.114
OCUBM,-2.431798275933005,0.833
OCUBM,-1.958607314841775,0.524
OCUBM,-1.4685210829577449,0.108
OCUBM,-1.0,0.079
OCUBM,-0.5228787452803376,0.003
OCUBM,-3.853871964321762,0.958
OCUBM,-3.3979400086720375,1.023
OCUBM,-2.9208187539523753,1.094
OCUBM,-2.431798275933005,0.848
OCUBM,-1.958607314841775,0.277
OCUBM,-1.4685210829577449,0.159
OCUBM,-1.0,0.013
OCUBM,-0.5228787452803376,0.006
OCUBM,-3.853871964321762,1.096
OCUBM,-3.3979400086720375,1.076
OCUBM,-2.9208187539523753,1.068
OCUBM,-2.431798275933005,0.957
OCUBM,-1.958607314841775,0.227
OCUBM,-1.4685210829577449,0.203
OCUBM,-1.0,0.014
OCUBM,-0.5228787452803376,0.007
OV90,-3.853871964321762,0.893
OV90,-3.3979400086720375,0.865
OV90,-2.9208187539523753,0.89
OV90,-2.431798275933005,1.006
OV90,-1.958607314841775,0.95
OV90,-1.4685210829577449,0.661
OV90,-1.0,0.585
OV90,-0.5228787452803376,0.186
OV90,-3.853871964321762,0.929
OV90,-3.3979400086720375,0.972
OV90,-2.9208187539523753,0.968
OV90,-2.431798275933005,0.993
OV90,-1.958607314841775,0.973
OV90,-1.4685210829577449,0.799
OV90,-1.0,0.658
OV90,-0.5228787452803376,0.197
OV90,-3.853871964321762,0.955
OV90,-3.3979400086720375,1.022
OV90,-2.9208187539523753,0.941
OV90,-2.431798275933005,1.004
OV90,-1.958607314841775,0.92
OV90,-1.4685210829577449,0.751
OV90,-1.0,0.567
OV90,-0.5228787452803376,0.179
OV90,-3.853871964321762,0.955
OV90,-3.3979400086720375,1.08
OV90,-2.9208187539523753,0.961
OV90,-2.431798275933005,1.04
OV90,-1.958607314841775,1.138
OV90,-1.4685210829577449,0.811
OV90,-1.0,0.424
OV90,-0.5228787452803376,0.18
OV90,-3.853871964321762,0.943
OV90,-3.3979400086720375,1.056
OV90,-2.9208187539523753,1.107
OV90,-2.431798275933005,0.892
OV90,-1.958607314841775,0.842
OV90,-1.4685210829577449,0.638
OV90,-1.0,0.423
OV90,-0.5228787452803376,0.216
OV90,-3.853871964321762,1.003
OV90,-3.3979400086720375,1.089
OV90,-2.9208187539523753,0.989
OV90,-2.431798275933005,1.024
OV90,-1.958607314841775,0.854
OV90,-1.4685210829577449,0.729
OV90,-1.0,0.32
OV90,-0.5228787452803376,0.215
OVCAR3,-3.853871964321762,1.023
OVCAR3,-3.3979400086720375,0.976
OVCAR3,-2.9208187539523753,1.109
OVCAR3,-2.431798275933005,1.006
OVCAR3,-1.958607314841775,1.011
OVCAR3,-1.4685210829577449,0.693
OVCAR3,-1.0,0.965
OVCAR3,-0.5228787452803376,0.183
OVCAR3,-3.853871964321762,1.001
OVCAR3,-3.3979400086720375,1.143
OVCAR3,-2.9208187539523753,1.116
OVCAR3,-2.431798275933005,1.046
OVCAR3,-1.958607314841775,0.92
OVCAR3,-1.4685210829577449,0.597
OVCAR3,-1.0,0.835
OVCAR3,-0.5228787452803376,0.204
OVCAR3,-3.853871964321762,1.017
OVCAR3,-3.3979400086720375,1.019
OVCAR3,-2.9208187539523753,0.95
OVCAR3,-2.431798275933005,0.87
OVCAR3,-1.958607314841775,0.868
OVCAR3,-1.4685210829577449,0.725
OVCAR3,-1.0,0.884
OVCAR3,-0.5228787452803376,0.178
OVCAR3,-3.853871964321762,0.918
OVCAR3,-3.3979400086720375,0.974
OVCAR3,-2.9208187539523753,1.058
OVCAR3,-2.431798275933005,0.962
OVCAR3,-1.958607314841775,0.997
OVCAR3,-1.4685210829577449,0.497
OVCAR3,-1.0,0.699
OVCAR3,-0.5228787452803376,0.077
OVCAR3,-3.853871964321762,1.018
OVCAR3,-3.3979400086720375,1.048
OVCAR3,-2.9208187539523753,0.952
OVCAR3,-2.431798275933005,1.172
OVCAR3,-1.958607314841775,0.835
OVCAR3,-1.4685210829577449,0.591
OVCAR3,-1.0,0.802
OVCAR3,-0.5228787452803376,0.254
OVCAR3,-3.853871964321762,1.061
OVCAR3,-3.3979400086720375,1.108
OVCAR3,-2.9208187539523753,1.183
OVCAR3,-2.431798275933005,1.08
OVCAR3,-1.958607314841775,0.842
OVCAR3,-1.4685210829577449,0.66
OVCAR3,-1.0,0.749
OVCAR3,-0.5228787452803376,0.276
PA1,-3.853871964321762,0.986
PA1,-3.3979400086720375,0.867
PA1,-2.9208187539523753,0.93
PA1,-2.431798275933005,0.686
PA1,-1.958607314841775,0.045
PA1,-1.4685210829577449,0.021
PA1,-1.0,0.037
PA1,-0.5228787452803376,0.003
PA1,-3.853871964321762,0.86
PA1,-3.3979400086720375,0.895
PA1,-2.9208187539523753,0.773
PA1,-2.431798275933005,0.616
PA1,-1.958607314841775,0.05
PA1,-1.4685210829577449,0.003
PA1,-1.0,0.028
PA1,-0.5228787452803376,0.002
PA1,-3.853871964321762,0.805
PA1,-3.3979400086720375,1.168
PA1,-2.9208187539523753,0.84
PA1,-2.431798275933005,0.381
PA1,-1.958607314841775,0.017
PA1,-1.4685210829577449,0.026
PA1,-1.0,0.024
PA1,-0.5228787452803376,0.002
PA1,-3.853871964321762,0.88
PA1,-3.3979400086720375,1.159
PA1,-2.9208187539523753,0.839
PA1,-2.431798275933005,0.653
PA1,-1.958607314841775,0.01
PA1,-1.4685210829577449,0.025
PA1,-1.0,0.022
PA1,-0.5228787452803376,0.002
PA1,-3.853871964321762,1.082
PA1,-3.3979400086720375,1.018
PA1,-2.9208187539523753,0.8
PA1,-2.431798275933005,0.601
PA1,-1.958607314841775,0.028
PA1,-1.4685210829577449,0.011
PA1,-1.0,0.007
PA1,-0.5228787452803376,0.003
PA1,-3.853871964321762,1.166
PA1,-3.3979400086720375,0.966
PA1,-2.9208187539523753,0.917
PA1,-2.431798275933005,0.929
PA1,-1.958607314841775,0.04
PA1,-1.4685210829577449,0.027
PA1,-1.0,0.005
PA1,-0.5228787452803376,0.003
RKO,-3.853871964321762,0.922
RKO,-3.3979400086720375,0.697
RKO,-2.9208187539523753,0.887
RKO,-2.431798275933005,0.722
RKO,-1.958607314841775,0.788
RKO,-1.4685210829577449,0.421
RKO,-1.0,0.246
RKO,-0.5228787452803376,0.006
RKO,-3.853871964321762,0.824
RKO,-3.3979400086720375,0.765
RKO,-2.9208187539523753,0.894
RKO,-2.431798275933005,0.677
RKO,-1.958607314841775,0.759
RKO,-1.4685210829577449,0.39
RKO,-1.0,0.241
RKO,-0.5228787452803376,0.006
RKO,-3.853871964321762,1.056
RKO,-3.3979400086720375,1.167
RKO,-2.9208187539523753,1.079
RKO,-2.431798275933005,1.058
RKO,-1.958607314841775,0.746
RKO,-1.4685210829577449,0.39
RKO,-1.0,0.101
RKO,-0.5228787452803376,0.006
RKO,-3.853871964321762,1.026
RKO,-3.3979400086720375,0.99
RKO,-2.9208187539523753,1.03
RKO,-2.431798275933005,1.073
RKO,-1.958607314841775,0.74
RKO,-1.4685210829577449,0.381
RKO,-1.0,0.1
RKO,-0.5228787452803376,0.004
RKO,-3.853871964321762,1.082
RKO,-3.3979400086720375,1.182
RKO,-2.9208187539523753,1.075
RKO,-2.431798275933005,1.16
RKO,-1.958607314841775,0.518
RKO,-1.4685210829577449,0.307
RKO,-1.0,0.009
RKO,-0.5228787452803376,0.003
RKO,-3.853871964321762,1.051
RKO,-3.3979400086720375,1.074
RKO,-2.9208187539523753,1.032
RKO,-2.431798275933005,1.111
RKO,-1.958607314841775,0.523
RKO,-1.4685210829577449,0.306
RKO,-1.0,0.004
RKO,-0.5228787452803376,0.003
RPMI7951,-3.853871964321762,1.069
RPMI7951,-3.3979400086720375,1.003
RPMI7951,-2.9208187539523753,0.966
RPMI7951,-2.431798275933005,0.905
RPMI7951,-1.958607314841775,0.786
RPMI7951,-1.4685210829577449,0.176
RPMI7951,-1.0,0.22
RPMI7951,-0.5228787452803376,0.057
RPMI7951,-3.853871964321762,0.958
RPMI7951,-3.3979400086720375,0.963
RPMI7951,-2.9208187539523753,1.017
RPMI7951,-2.431798275933005,0.981
RPMI7951,-1.958607314841775,1.096
RPMI7951,-1.4685210829577449,0.304
RPMI7951,-1.0,0.321
RPMI7951,-0.5228787452803376,0.103
RPMI7951,-3.853871964321762,1.083
RPMI7951,-3.3979400086720375,0.981
RPMI7951,-2.9208187539523753,1.108
RPMI7951,-2.431798275933005,0.996
RPMI7951,-1.958607314841775,0.917
RPMI7951,-1.4685210829577449,0.309
RPMI7951,-1.0,0.233
RPMI7951,-0.5228787452803376,0.042
RPMI7951,-3.853871964321762,1.033
RPMI7951,-3.3979400086720375,0.996
RPMI7951,-2.9208187539523753,0.936
RPMI7951,-2.431798275933005,1.022
RPMI7951,-1.958607314841775,0.966
RPMI7951,-1.4685210829577449,0.383
RPMI7951,-1.0,0.243
RPMI7951,-0.5228787452803376,0.064
RPMI7951,-3.853871964321762,0.889
RPMI7951,-3.3979400086720375,0.983
RPMI7951,-2.9208187539523753,1.004
RPMI7951,-2.431798275933005,0.943
RPMI7951,-1.958607314841775,0.955
RPMI7951,-1.4685210829577449,0.274
RPMI7951,-1.0,0.173
RPMI7951,-0.5228787452803376,0.041
RPMI7951,-3.853871964321762,1.166
RPMI7951,-3.3979400086720375,1.03
RPMI7951,-2.9208187539523753,0.963
RPMI7951,-2.431798275933005,1.015
RPMI7951,-1.958607314841775,0.774
RPMI7951,-1.4685210829577449,0.498
RPMI7951,-1.0,0.125
RPMI7951,-0.5228787452803376,0.132
RPMI7951,-3.853871964321762,0.97
RPMI7951,-3.3979400086720375,1.05
RPMI7951,-2.9208187539523753,0.93
RPMI7951,-2.431798275933005,1.05
RPMI7951,-1.958607314841775,0.884
RPMI7951,-1.4685210829577449,0.209
RPMI7951,-1.0,0.208
RPMI7951,-0.5228787452803376,0.05
RPMI7951,-3.853871964321762,1.048
RPMI7951,-3.3979400086720375,1.043
RPMI7951,-2.9208187539523753,1.049
RPMI7951,-2.431798275933005,1.053
RPMI7951,-1.958607314841775,0.844
RPMI7951,-1.4685210829577449,0.321
RPMI7951,-1.0,0.136
RPMI7951,-0.5228787452803376,0.051
RPMI7951,-3.853871964321762,1.04
RPMI7951,-3.3979400086720375,1.066
RPMI7951,-2.9208187539523753,1.03
RPMI7951,-2.431798275933005,1.01
RPMI7951,-1.958607314841775,0.733
RPMI7951,-1.4685210829577449,0.253
RPMI7951,-1.0,0.165
RPMI7951,-0.5228787452803376,0.053
SKMEL30,-3.853871964321762,1.054
SKMEL30,-3.3979400086720375,0.828
SKMEL30,-2.9208187539523753,1.119
SKMEL30,-2.431798275933005,0.913
SKMEL30,-1.958607314841775,1.169
SKMEL30,-1.4685210829577449,0.361
SKMEL30,-1.0,0.55
SKMEL30,-0.5228787452803376,0.124
SKMEL30,-3.853871964321762,1.002
SKMEL30,-3.3979400086720375,0.891
SKMEL30,-2.9208187539523753,1.006
SKMEL30,-2.431798275933005,0.836
SKMEL30,-1.958607314841775,1.022
SKMEL30,-1.4685210829577449,0.542
SKMEL30,-1.0,0.425
SKMEL30,-0.5228787452803376,0.102
SKMEL30,-3.853871964321762,0.906
SKMEL30,-3.3979400086720375,1.25
SKMEL30,-2.9208187539523753,1.087
SKMEL30,-2.431798275933005,1.111
SKMEL30,-1.958607314841775,1.121
SKMEL30,-1.4685210829577449,0.383
SKMEL30,-1.0,0.36
SKMEL30,-0.5228787452803376,0.065
SKMEL30,-3.853871964321762,1.032
SKMEL30,-3.3979400086720375,1.032
SKMEL30,-2.9208187539523753,1.011
SKMEL30,-2.431798275933005,1.011
SKMEL30,-1.958607314841775,0.995
SKMEL30,-1.4685210829577449,0.452
SKMEL30,-1.0,0.432
SKMEL30,-0.5228787452803376,0.048
SKMEL30,-3.853871964321762,0.847
SKMEL30,-3.3979400086720375,0.842
SKMEL30,-2.9208187539523753,0.985
SKMEL30,-2.431798275933005,1.194
SKMEL30,-1.958607314841775,0.528
SKMEL30,-1.4685210829577449,0.462
SKMEL30,-1.0,0.218
SKMEL30,-0.5228787452803376,0.141
SKMEL30,-3.853871964321762,1.117
SKMEL30,-3.3979400086720375,0.913
SKMEL30,-2.9208187539523753,1.137
SKMEL30,-2.431798275933005,1.083
SKMEL30,-1.958607314841775,0.609
SKMEL30,-1.4685210829577449,0.442
SKMEL30,-1.0,0.234
SKMEL30,-0.5228787452803376,0.095
SKMES1,-3.853871964321762,1.045
SKMES1,-3.3979400086720375,0.999
SKMES1,-2.9208187539523753,0.996
SKMES1,-2.431798275933005,0.917
SKMES1,-1.958607314841775,0.758
SKMES1,-1.4685210829577449,0.33
SKMES1,-1.0,0.21
SKMES1,-0.5228787452803376,0.059
SKMES1,-3.853871964321762,0.973
SKMES1,-3.3979400086720375,0.904
SKMES1,-2.9208187539523753,0.976
SKMES1,-2.431798275933005,0.288
SKMES1,-1.958607314841775,0.909
SKMES1,-1.4685210829577449,0.393
SKMES1,-1.0,0.225
SKMES1,-0.5228787452803376,0.061
SKMES1,-3.853871964321762,0.881
SKMES1,-3.3979400086720375,1.069
SKMES1,-2.9208187539523753,0.956
SKMES1,-2.431798275933005,0.935
SKMES1,-1.958607314841775,0.808
SKMES1,-1.4685210829577449,0.24
SKMES1,-1.0,0.056
SKMES1,-0.5228787452803376,0.067
SKMES1,-3.853871964321762,1.059
SKMES1,-3.3979400086720375,1.159
SKMES1,-2.9208187539523753,0.918
SKMES1,-2.431798275933005,1.119
SKMES1,-1.958607314841775,0.894
SKMES1,-1.4685210829577449,0.303
SKMES1,-1.0,0.07
SKMES1,-0.5228787452803376,0.052
SKMES1,-3.853871964321762,1.053
SKMES1,-3.3979400086720375,0.965
SKMES1,-2.9208187539523753,0.979
SKMES1,-2.431798275933005,0.983
SKMES1,-1.958607314841775,0.722
SKMES1,-1.4685210829577449,0.362
SKMES1,-1.0,0.044
SKMES1,-0.5228787452803376,0.031
SKMES1,-3.853871964321762,1.074
SKMES1,-3.3979400086720375,0.97
SKMES1,-2.9208187539523753,1.057
SKMES1,-2.431798275933005,0.928
SKMES1,-1.958607314841775,0.877
SKMES1,-1.4685210829577449,0.356
SKMES1,-1.0,0.062
SKMES1,-0.5228787452803376,0.053
SKOV3,-3.853871964321762,0.903
SKOV3,-3.3979400086720375,0.921
SKOV3,-2.9208187539523753,0.996
SKOV3,-2.431798275933005,0.955
SKOV3,-1.958607314841775,0.994
SKOV3,-1.4685210829577449,0.873
SKOV3,-1.0,0.742
SKOV3,-0.5228787452803376,0.117
SKOV3,-3.853871964321762,0.904
SKOV3,-3.3979400086720375,0.883
SKOV3,-2.9208187539523753,0.93
SKOV3,-2.431798275933005,0.958
SKOV3,-1.958607314841775,1.023
SKOV3,-1.4685210829577449,0.625
SKOV3,-1.0,0.326
SKOV3,-0.5228787452803376,0.08
SKOV3,-3.853871964321762,0.931
SKOV3,-3.3979400086720375,1.047
SKOV3,-2.9208187539523753,1.037
SKOV3,-2.431798275933005,1.039
SKOV3,-1.958607314841775,0.971
SKOV3,-1.4685210829577449,1.149
SKOV3,-1.0,0.233
SKOV3,-0.5228787452803376,0.202
SW620,-3.853871964321762,0.895
SW620,-3.3979400086720375,0.986
SW620,-2.9208187539523753,0.954
SW620,-2.431798275933005,0.88
SW620,-1.958607314841775,0.62
SW620,-1.4685210829577449,0.347
SW620,-1.0,0.248
SW620,-0.5228787452803376,0.057
SW620,-3.853871964321762,0.96
SW620,-3.3979400086720375,0.989
SW620,-2.9208187539523753,1.049
SW620,-2.431798275933005,0.947
SW620,-1.958607314841775,0.669
SW620,-1.4685210829577449,0.339
SW620,-1.0,0.275
SW620,-0.5228787452803376,0.075
SW620,-3.853871964321762,0.97
SW620,-3.3979400086720375,1.036
SW620,-2.9208187539523753,0.956
SW620,-2.431798275933005,1.003
SW620,-1.958607314841775,0.589
SW620,-1.4685210829577449,0.364
SW620,-1.0,0.236
SW620,-0.5228787452803376,0.055
SW620,-3.853871964321762,0.931
SW620,-3.3979400086720375,1.12
SW620,-2.9208187539523753,1.016
SW620,-2.431798275933005,0.94
SW620,-1.958607314841775,0.664
SW620,-1.4685210829577449,0.334
SW620,-1.0,0.245
SW620,-0.5228787452803376,0.053
SW620,-3.853871964321762,1.041
SW620,-3.3979400086720375,1.175
SW620,-2.9208187539523753,0.974
SW620,-2.431798275933005,0.883
SW620,-1.958607314841775,0.388
SW620,-1.4685210829577449,0.303
SW620,-1.0,0.146
SW620,-0.5228787452803376,0.092
SW620,-3.853871964321762,1.002
SW620,-3.3979400086720375,1.009
SW620,-2.9208187539523753,0.981
SW620,-2.431798275933005,1.076
SW620,-1.958607314841775,0.381
SW620,-1.4685210829577449,0.291
SW620,-1.0,0.171
SW620,-0.5228787452803376,0.094
SW837,-3.853871964321762,0.869
SW837,-3.3979400086720375,1.077
SW837,-2.9208187539523753,1.158
SW837,-2.431798275933005,0.866
SW837,-1.958607314841775,0.84
SW837,-1.4685210829577449,0.722
SW837,-1.0,0.47
SW837,-0.5228787452803376,0.106
SW837,-3.853871964321762,0.995
SW837,-3.3979400086720375,0.839
SW837,-2.9208187539523753,0.947
SW837,-2.431798275933005,0.911
SW837,-1.958607314841775,1.412
SW837,-1.4685210829577449,0.629
SW837,-1.0,0.601
SW837,-0.5228787452803376,0.106
SW837,-3.853871964321762,0.913
SW837,-3.3979400086720375,1.112
SW837,-2.9208187539523753,0.976
SW837,-2.431798275933005,0.907
SW837,-1.958607314841775,0.913
SW837,-1.4685210829577449,0.6
SW837,-1.0,0.499
SW837,-0.5228787452803376,0.125
SW837,-3.853871964321762,0.969
SW837,-3.3979400086720375,0.261
SW837,-2.9208187539523753,1.06
SW837,-2.431798275933005,0.754
SW837,-1.958607314841775,0.967
SW837,-1.4685210829577449,0.579
SW837,-1.0,0.488
SW837,-0.5228787452803376,0.095
SW837,-3.853871964321762,1.256
SW837,-3.3979400086720375,1.084
SW837,-2.9208187539523753,0.975
SW837,-2.431798275933005,1.055
SW837,-1.958607314841775,0.528
SW837,-1.4685210829577449,0.385
SW837,-1.0,0.096
SW837,-0.5228787452803376,0.116
SW837,-3.853871964321762,1.135
SW837,-3.3979400086720375,0.879
SW837,-2.9208187539523753,1.38
SW837,-2.431798275933005,1.005
SW837,-1.958607314841775,0.708
SW837,-1.4685210829577449,0.454
SW837,-1.0,0.138
SW837,-0.5228787452803376,0.1
T47D,-3.853871964321762,0.982
T47D,-3.3979400086720375,0.98
T47D,-2.9208187539523753,0.947
T47D,-2.431798275933005,0.834
T47D,-1.958607314841775,1.017
T47D,-1.4685210829577449,0.845
T47D,-1.0,0.805
T47D,-0.5228787452803376,0.131
T47D,-3.853871964321762,1.108
T47D,-3.3979400086720375,0.937
T47D,-2.9208187539523753,1.033
T47D,-2.431798275933005,0.964
T47D,-1.958607314841775,1.074
T47D,-1.4685210829577449,0.839
T47D,-1.0,0.661
T47D,-0.5228787452803376,0.451
T47D,-3.853871964321762,0.861
T47D,-3.3979400086720375,0.699
T47D,-2.9208187539523753,0.962
T47D,-2.431798275933005,0.611
T47D,-1.958607314841775,0.657
T47D,-1.4685210829577449,0.66
T47D,-1.0,0.484
T47D,-0.5228787452803376,0.218
T47D,-3.853871964321762,0.659
T47D,-3.3979400086720375,1.126
T47D,-2.9208187539523753,0.973
T47D,-2.431798275933005,0.956
T47D,-1.958607314841775,0.945
T47D,-1.4685210829577449,0.816
T47D,-1.0,0.751
T47D,-0.5228787452803376,0.325
T47D,-3.853871964321762,1.139
T47D,-3.3979400086720375,1.295
T47D,-2.9208187539523753,0.964
T47D,-2.431798275933005,0.829
T47D,-1.958607314841775,1.032
T47D,-1.4685210829577449,0.681
T47D,-1.0,0.495
T47D,-0.5228787452803376,0.242
T47D,-3.853871964321762,0.98
T47D,-3.3979400086720375,1.11
T47D,-2.9208187539523753,1.057
T47D,-2.431798275933005,0.869
T47D,-1.958607314841775,0.604
T47D,-1.4685210829577449,0.611
T47D,-1.0,0.469
T47D,-0.5228787452803376,0.424
T47D,-3.853871964321762,1.355
T47D,-3.3979400086720375,0.856
T47D,-2.9208187539523753,0.784
T47D,-2.431798275933005,1.405
T47D,-1.958607314841775,0.861
T47D,-1.4685210829577449,0.689
T47D,-1.0,0.712
T47D,-0.5228787452803376,0.175
T47D,-3.853871964321762,1.101
T47D,-3.3979400086720375,1.293
T47D,-2.9208187539523753,1.052
T47D,-2.431798275933005,1.079
T47D,-1.958607314841775,1.394
T47D,-1.4685210829577449,0.788
T47D,-1.0,0.716
T47D,-0.5228787452803376,0.424
T47D,-3.853871964321762,1.393
T47D,-3.3979400086720375,1.248
T47D,-2.9208187539523753,0.588
T47D,-2.431798275933005,0.718
T47D,-1.958607314841775,0.788
T47D,-1.4685210829577449,0.657
T47D,-1.0,0.35
T47D,-0.5228787452803376,0.229
UACC62,-3.853871964321762,1.031
UACC62,-3.3979400086720375,0.844
UACC62,-2.9208187539523753,0.991
UACC62,-2.431798275933005,0.8
UACC62,-1.958607314841775,0.912
UACC62,-1.4685210829577449,0.747
UACC62,-1.0,0.538
UACC62,-0.5228787452803376,0.189
UACC62,-3.853871964321762,1.034
UACC62,-3.3979400086720375,0.035
UACC62,-2.9208187539523753,1.007
UACC62,-2.431798275933005,0.778
UACC62,-1.958607314841775,0.808
UACC62,-1.4685210829577449,0.837
UACC62,-1.0,0.565
UACC62,-0.5228787452803376,0.138
UACC62,-3.853871964321762,0.847
UACC62,-3.3979400086720375,1.092
UACC62,-2.9208187539523753,0.762
UACC62,-2.431798275933005,1.012
UACC62,-1.958607314841775,0.879
UACC62,-1.4685210829577449,0.796
UACC62,-1.0,0.571
UACC62,-0.5228787452803376,0.123
UACC62,-3.853871964321762,0.801
UACC62,-3.3979400086720375,1.058
UACC62,-2.9208187539523753,0.775
UACC62,-2.431798275933005,1.061
UACC62,-1.958607314841775,0.806
UACC62,-1.4685210829577449,0.668
UACC62,-1.0,0.523
UACC62,-0.5228787452803376,0.116
UACC62,-3.853871964321762,1.066
UACC62,-3.3979400086720375,1.02
UACC62,-2.9208187539523753,1.001
UACC62,-2.431798275933005,1.051
UACC62,-1.958607314841775,0.706
UACC62,-1.4685210829577449,0.593
UACC62,-1.0,0.362
UACC62,-0.5228787452803376,0.253
UACC62,-3.853871964321762,1.114
UACC62,-3.3979400086720375,1.101
UACC62,-2.9208187539523753,0.966
UACC62,-2.431798275933005,1.005
UACC62,-1.958607314841775,0.623
UACC62,-1.4685210829577449,0.62
UACC62,-1.0,0.386
UACC62,-0.5228787452803376,0.267
UWB1289,-3.853871964321762,1.119
UWB1289,-3.3979400086720375,1.006
UWB1289,-2.9208187539523753,1.099
UWB1289,-2.431798275933005,1.02
UWB1289,-1.958607314841775,0.997
UWB1289,-1.4685210829577449,0.357
UWB1289,-1.0,0.521
UWB1289,-0.5228787452803376,0.096
UWB1289,-3.853871964321762,0.953
UWB1289,-3.3979400086720375,1.041
UWB1289,-2.9208187539523753,1.052
UWB1289,-2.431798275933005,1.023
UWB1289,-1.958607314841775,0.914
UWB1289,-1.4685210829577449,0.59
UWB1289,-1.0,0.53
UWB1289,-0.5228787452803376,0.207
UWB1289,-3.853871964321762,0.743
UWB1289,-3.3979400086720375,0.944
UWB1289,-2.9208187539523753,0.9
UWB1289,-2.431798275933005,0.974
UWB1289,-1.958607314841775,0.76
UWB1289,-1.4685210829577449,0.62
UWB1289,-1.0,0.397
UWB1289,-0.5228787452803376,0.172
UWB1289,-3.853871964321762,0.935
UWB1289,-3.3979400086720375,0.922
UWB1289,-2.9208187539523753,1.012
UWB1289,-2.431798275933005,0.896
UWB1289,-1.958607314841775,0.824
UWB1289,-1.4685210829577449,0.546
UWB1289,-1.0,0.487
UWB1289,-0.5228787452803376,0.176
UWB1289,-3.853871964321762,0.98
UWB1289,-3.3979400086720375,0.943
UWB1289,-2.9208187539523753,0.924
UWB1289,-2.431798275933005,0.815
UWB1289,-1.958607314841775,0.635
UWB1289,-1.4685210829577449,0.587
UWB1289,-1.0,0.331
UWB1289,-0.5228787452803376,0.262
UWB1289,-3.853871964321762,0.897
UWB1289,-3.3979400086720375,0.882
UWB1289,-2.9208187539523753,0.843
UWB1289,-2.431798275933005,0.862
UWB1289,-1.958607314841775,0.667
UWB1289,-1.4685210829577449,0.579
UWB1289,-1.0,0.445
UWB1289,-0.5228787452803376,0.243
UWB1289BRCA1,-3.853871964321762,1.064
UWB1289BRCA1,-3.3979400086720375,0.943
UWB1289BRCA1,-2.9208187539523753,1.061
UWB1289BRCA1,-2.431798275933005,1.05
UWB1289BRCA1,-1.958607314841775,1.049
UWB1289BRCA1,-1.4685210829577449,1.0
UWB1289BRCA1,-1.0,0.838
UWB1289BRCA1,-0.5228787452803376,0.386
UWB1289BRCA1,-3.853871964321762,1.003
UWB1289BRCA1,-3.3979400086720375,0.945
UWB1289BRCA1,-2.9208187539523753,0.982
UWB1289BRCA1,-2.431798275933005,0.935
UWB1289BRCA1,-1.958607314841775,1.066
UWB1289BRCA1,-1.4685210829577449,1.041
UWB1289BRCA1,-1.0,0.834
UWB1289BRCA1,-0.5228787452803376,0.327
UWB1289BRCA1,-3.853871964321762,0.994
UWB1289BRCA1,-3.3979400086720375,0.976
UWB1289BRCA1,-2.9208187539523753,0.965
UWB1289BRCA1,-2.431798275933005,1.01
UWB1289BRCA1,-1.958607314841775,1.083
UWB1289BRCA1,-1.4685210829577449,0.893
UWB1289BRCA1,-1.0,0.724
UWB1289BRCA1,-0.5228787452803376,0.279
UWB1289BRCA1,-3.853871964321762,0.956
UWB1289BRCA1,-3.3979400086720375,0.924
UWB1289BRCA1,-2.9208187539523753,0.972
UWB1289BRCA1,-2.431798275933005,0.978
UWB1289BRCA1,-1.958607314841775,1.028
UWB1289BRCA1,-1.4685210829577449,0.915
UWB1289BRCA1,-1.0,0.772
UWB1289BRCA1,-0.5228787452803376,0.285
UWB1289BRCA1,-3.853871964321762,0.783
UWB1289BRCA1,-3.3979400086720375,0.78
UWB1289BRCA1,-2.9208187539523753,0.779
UWB1289BRCA1,-2.431798275933005,0.782
UWB1289BRCA1,-1.958607314841775,0.956
UWB1289BRCA1,-1.4685210829577449,0.903
UWB1289BRCA1,-1.0,0.731
UWB1289BRCA1,-0.5228787452803376,0.467
UWB1289BRCA1,-3.853871964321762,1.058
UWB1289BRCA1,-3.3979400086720375,0.982
UWB1289BRCA1,-2.9208187539523753,0.972
UWB1289BRCA1,-2.431798275933005,0.937
UWB1289BRCA1,-1.958607314841775,0.956
UWB1289BRCA1,-1.4685210829577449,0.922
UWB1289BRCA1,-1.0,0.774
UWB1289BRCA1,-0.5228787452803376,0.521
VCAP,-3.853871964321762,1.098
VCAP,-3.3979400086720375,0.931
VCAP,-2.9208187539523753,1.067
VCAP,-2.431798275933005,0.872
VCAP,-1.958607314841775,0.996
VCAP,-1.4685210829577449,0.792
VCAP,-1.0,0.469
VCAP,-0.5228787452803376,0.04
VCAP,-3.853871964321762,1.108
VCAP,-3.3979400086720375,0.937
VCAP,-2.9208187539523753,1.083
VCAP,-2.431798275933005,0.917
VCAP,-1.958607314841775,0.947
VCAP,-1.4685210829577449,0.717
VCAP,-1.0,0.525
VCAP,-0.5228787452803376,0.052
VCAP,-3.853871964321762,1.064
VCAP,-3.3979400086720375,1.006
VCAP,-2.9208187539523753,0.996
VCAP,-2.431798275933005,0.947
VCAP,-1.958607314841775,0.968
VCAP,-1.4685210829577449,0.733
VCAP,-1.0,0.41
VCAP,-0.5228787452803376,0.032
VCAP,-3.853871964321762,1.062
VCAP,-3.3979400086720375,0.97
VCAP,-2.9208187539523753,0.993
VCAP,-2.431798275933005,0.891
VCAP,-1.958607314841775,0.863
VCAP,-1.4685210829577449,0.669
VCAP,-1.0,0.448
VCAP,-0.5228787452803376,0.028
VCAP,-3.853871964321762,1.156
VCAP,-3.3979400086720375,0.937
VCAP,-2.9208187539523753,1.06
VCAP,-2.431798275933005,0.851
VCAP,-1.958607314841775,0.873
VCAP,-1.4685210829577449,0.654
VCAP,-1.0,0.178
VCAP,-0.5228787452803376,0.04
VCAP,-3.853871964321762,0.963
VCAP,-3.3979400086720375,1.024
VCAP,-2.9208187539523753,1.051
VCAP,-2.431798275933005,1.008
VCAP,-1.958607314841775,0.786
VCAP,-1.4685210829577449,0.684
VCAP,-1.0,0.294
VCAP,-0.5228787452803376,0.039
ZR751,-3.853871964321762,1.109
ZR751,-3.3979400086720375,0.95
ZR751,-2.9208187539523753,0.658
ZR751,-2.431798275933005,0.322
ZR751,-1.958607314841775,0.84
ZR751,-1.4685210829577449,0.714
ZR751,-1.0,0.493
ZR751,-0.5228787452803376,0.242
ZR751,-3.853871964321762,0.993
ZR751,-3.3979400086720375,0.751
ZR751,-2.9208187539523753,0.842
ZR751,-2.431798275933005,1.006
ZR751,-1.958607314841775,0.826
ZR751,-1.4685210829577449,0.603
ZR751,-1.0,0.49
ZR751,-0.5228787452803376,0.26
ZR751,-3.853871964321762,0.956
ZR751,-3.3979400086720375,0.847
ZR751,-2.9208187539523753,0.968
ZR751,-2.431798275933005,0.854
ZR751,-1.958607314841775,0.987
ZR751,-1.4685210829577449,0.741
ZR751,-1.0,0.53
ZR751,-0.5228787452803376,0.225
ZR751,-3.853871964321762,0.805
ZR751,-3.3979400086720375,0.758
ZR751,-2.9208187539523753,0.93
ZR751,-2.431798275933005,0.892
ZR751,-1.958607314841775,0.999
ZR751,-1.4685210829577449,0.627
ZR751,-1.0,0.439
ZR751,-0.5228787452803376,0.187
ZR751,-3.853871964321762,0.941
ZR751,-3.3979400086720375,0.86
ZR751,-2.9208187539523753,0.961
ZR751,-2.431798275933005,0.944
ZR751,-1.958607314841775,0.73
ZR751,-1.4685210829577449,0.616
ZR751,-1.0,0.298
ZR751,-0.5228787452803376,0.364
ZR751,-3.853871964321762,1.134
ZR751,-3.3979400086720375,1.007
ZR751,-2.9208187539523753,0.955
ZR751,-2.431798275933005,0.817
ZR751,-1.958607314841775,0.738
ZR751,-1.4685210829577449,0.835
ZR751,-1.0,0.371
ZR751,-0.5228787452803376,0.398
